"","Codigo","Sexo","Edad","Carrera","Ciclo","Creditos","Vive_solo","Ha_jugado","Gasto","Costo","Frecuencia","Estudio","Amigos","Frecuencia_amigos","Promedio","Afecta","Favorito","Horas_juego","Jugar_es_divertido","Continua","Bueno","Arcade","Aventura","Deportes_y_carreras","Estrategia","Casual","RPG","MOBA","Peleas","Plataformas","Sandbox","Shooter","Simulacion","Consola","Movil","PC","Tablet"
"1","201820100","Masculino",23,"Ingeniería Química",7,19,FALSE,TRUE,150,70,8,6,TRUE,6,12.43,"Tal vez","counter strike",2000,7,6,5,FALSE,FALSE,TRUE,FALSE,TRUE,TRUE,TRUE,FALSE,FALSE,FALSE,TRUE,FALSE,FALSE,TRUE,TRUE,FALSE
"2","202120115","Masculino",19,"Ciencia de la Computación",3,16,TRUE,TRUE,300,60,10,25,TRUE,5,14,"No","ark",1092,7,7,5,FALSE,TRUE,FALSE,TRUE,FALSE,TRUE,FALSE,TRUE,FALSE,FALSE,TRUE,TRUE,FALSE,FALSE,TRUE,FALSE
"3","20214163","Masculino",21,"Ingeniería Industrial",7,21,FALSE,TRUE,200,120,24,2,TRUE,6,14.8,"No","assasins creed",52,7,7,5,FALSE,TRUE,FALSE,TRUE,TRUE,FALSE,TRUE,TRUE,FALSE,TRUE,TRUE,FALSE,FALSE,FALSE,TRUE,FALSE
"4","201920016","Masculino",22,"Ciencia de la Computación",7,16,FALSE,TRUE,50,30,4,10,TRUE,1,13.4,"Tal vez","minecraft",700,7,5,5,FALSE,FALSE,FALSE,TRUE,FALSE,TRUE,TRUE,FALSE,FALSE,TRUE,FALSE,FALSE,FALSE,TRUE,TRUE,FALSE
"5","202210214","Masculino",17,"Ingeniería Química",2,16,FALSE,TRUE,15,45,4,10,TRUE,1,15.2,"No","fifa",251,7,7,5,FALSE,FALSE,TRUE,TRUE,FALSE,FALSE,FALSE,TRUE,FALSE,FALSE,FALSE,FALSE,TRUE,FALSE,FALSE,FALSE
"6","202120623","Masculino",18,"Ciencia de la Computación",3,18,FALSE,TRUE,100,20,4,1,TRUE,4,11.5,"Tal vez","valorant",400,7,6,6,FALSE,FALSE,FALSE,FALSE,FALSE,TRUE,TRUE,TRUE,TRUE,FALSE,TRUE,FALSE,FALSE,FALSE,TRUE,FALSE
"7","202120730","Femenino",19,"Ingeniería Química",3,18,FALSE,TRUE,40,28,2,4,TRUE,1,NA,"No","minecraft",72,6,6,6,FALSE,FALSE,TRUE,FALSE,TRUE,FALSE,TRUE,TRUE,FALSE,TRUE,TRUE,FALSE,FALSE,TRUE,TRUE,FALSE
"8","202120717","Femenino",18,"Ingeniería Ambiental",3,24,FALSE,TRUE,30,10,2,5,FALSE,NA,14.61,"Tal vez","plants vs zombies",1,5,4,4,FALSE,FALSE,TRUE,FALSE,TRUE,FALSE,FALSE,FALSE,FALSE,FALSE,FALSE,FALSE,FALSE,TRUE,FALSE,FALSE
"9","202120302","Masculino",18,"Ciencia de la Computación",3,19,FALSE,TRUE,37,37,2,6,TRUE,2,16.45,"No","left 4 dead",600,7,7,7,FALSE,TRUE,TRUE,FALSE,TRUE,TRUE,FALSE,TRUE,FALSE,FALSE,TRUE,TRUE,FALSE,FALSE,TRUE,FALSE
"10","201820128","Masculino",23,"Ingeniería Química",5,17,FALSE,TRUE,0,0,2,4,FALSE,NA,14.2,"Tal vez","pokemon",12,6,6,4,FALSE,TRUE,FALSE,FALSE,FALSE,TRUE,FALSE,TRUE,TRUE,FALSE,TRUE,FALSE,TRUE,FALSE,FALSE,FALSE
"11","201910481","Masculino",22,"Ingeniería Industrial",8,19,FALSE,TRUE,100,15,2,5,TRUE,1,14.6,"Tal vez","crash",100,6,4,6,FALSE,FALSE,TRUE,FALSE,FALSE,TRUE,FALSE,TRUE,FALSE,FALSE,TRUE,TRUE,TRUE,TRUE,FALSE,FALSE
"12","201710053","Masculino",34,"Ingeniería de la Energía",3,8,FALSE,TRUE,300,50,3,25,TRUE,2,10.94,"No","final fantasy",40,7,5,6,FALSE,TRUE,FALSE,TRUE,FALSE,TRUE,TRUE,TRUE,TRUE,FALSE,TRUE,FALSE,FALSE,FALSE,TRUE,FALSE
"13","202110287","Masculino",18,"Ciencia de la Computación",5,15,TRUE,TRUE,10,10,4,3,TRUE,1,15,"Sí","league of legends",5,7,7,7,FALSE,FALSE,FALSE,FALSE,FALSE,TRUE,FALSE,TRUE,TRUE,TRUE,TRUE,TRUE,FALSE,FALSE,TRUE,FALSE
"14","202120407","Masculino",20,"Ingeniería Industrial",3,21,TRUE,TRUE,240,0,1,2,TRUE,1,15.3,"Tal vez","fortnite",1,6,5,5,FALSE,FALSE,FALSE,TRUE,FALSE,FALSE,FALSE,FALSE,FALSE,FALSE,FALSE,TRUE,FALSE,TRUE,TRUE,FALSE
"15","202120284","Femenino",18,"Ciencia de la Computación",3,23,FALSE,TRUE,0,0,1,30,TRUE,1,13.44,"Tal vez","preguntados",1,5,5,5,FALSE,TRUE,FALSE,FALSE,FALSE,FALSE,FALSE,FALSE,FALSE,FALSE,FALSE,TRUE,FALSE,TRUE,TRUE,FALSE
"16","202110187","Femenino",18,"Ciencia de la Computación",4,16,FALSE,TRUE,0,30,4,9,TRUE,5,14.6,"Tal vez","free fire",2,5,5,4,FALSE,TRUE,FALSE,TRUE,TRUE,FALSE,TRUE,TRUE,FALSE,FALSE,TRUE,FALSE,FALSE,TRUE,TRUE,FALSE
"17","202102587","Masculino",20,"Ciencia de Datos",3,24,FALSE,TRUE,200,200,2,5,TRUE,1,15,"No","minecraft",2,6,6,7,FALSE,FALSE,FALSE,TRUE,TRUE,TRUE,FALSE,FALSE,FALSE,TRUE,TRUE,TRUE,TRUE,FALSE,TRUE,FALSE
"18","202110149","Femenino",18,"Ciencia de la Computación",4,21,FALSE,TRUE,100,50,5,21,TRUE,NA,14,"Tal vez","league of legends",2,5,5,5,FALSE,FALSE,TRUE,TRUE,TRUE,FALSE,TRUE,FALSE,FALSE,FALSE,FALSE,FALSE,TRUE,TRUE,TRUE,FALSE
"19","202120179","Femenino",18,"Ciencia de la Computación",3,20,FALSE,TRUE,0,0,2,5,FALSE,NA,14,"Tal vez","mario bros",1,7,7,7,TRUE,TRUE,FALSE,FALSE,TRUE,TRUE,FALSE,FALSE,FALSE,FALSE,FALSE,TRUE,FALSE,TRUE,TRUE,TRUE
"20","202120575","Femenino",19,"Ciencia de la Computación",3,23,FALSE,TRUE,0,0,1,18,TRUE,1,15.72,"Tal vez","preguntados",1,4,4,5,FALSE,TRUE,TRUE,FALSE,FALSE,FALSE,FALSE,FALSE,FALSE,FALSE,FALSE,FALSE,FALSE,TRUE,TRUE,FALSE
"21","202120102","Masculino",21,"Ingeniería Mecatrónica",3,21,TRUE,TRUE,200,50,3,6,TRUE,3,15,"Tal vez","wow",2,6,6,4,FALSE,FALSE,FALSE,TRUE,FALSE,TRUE,TRUE,FALSE,FALSE,FALSE,FALSE,FALSE,FALSE,FALSE,TRUE,FALSE
"22","202120515","Femenino",23,"Ingeniería Ambiental",3,19,FALSE,TRUE,0,0,1,30,FALSE,0,15.5,"Tal vez",NA,NA,5,4,4,FALSE,FALSE,FALSE,FALSE,TRUE,FALSE,FALSE,FALSE,FALSE,FALSE,FALSE,FALSE,FALSE,TRUE,FALSE,FALSE
"23","202010431","Masculino",19,"Ciencia de la Computación",4,21,TRUE,TRUE,120,15,8,6,TRUE,4,14.36,"Sí","wow",6,7,7,6,FALSE,FALSE,TRUE,TRUE,FALSE,TRUE,TRUE,TRUE,TRUE,TRUE,FALSE,FALSE,FALSE,FALSE,TRUE,FALSE
"24","202110602","Masculino",20,"Ciencia de la Computación",4,24,FALSE,TRUE,45,17,16,8,TRUE,12,14,"Sí","jak and daxter",80,5,6,5,FALSE,TRUE,FALSE,TRUE,FALSE,TRUE,TRUE,TRUE,TRUE,FALSE,FALSE,FALSE,FALSE,TRUE,TRUE,FALSE
"25","202120058","Femenino",19,"Ingeniería Ambiental",3,21,FALSE,TRUE,0,0,2,4,FALSE,NA,15.37,"Sí","candy crush",1,7,7,5,TRUE,TRUE,FALSE,FALSE,FALSE,FALSE,FALSE,FALSE,FALSE,TRUE,FALSE,TRUE,FALSE,TRUE,FALSE,FALSE
"26","201820099","Masculino",22,"Ingeniería de la Energía",7,NA,FALSE,TRUE,0,70,10,5,TRUE,8,15.3,"Tal vez","smite",3500,7,6,6,FALSE,FALSE,FALSE,FALSE,FALSE,FALSE,TRUE,TRUE,FALSE,FALSE,TRUE,FALSE,FALSE,FALSE,TRUE,FALSE
"27","202110313","Masculino",18,"Ciencia de la Computación",3,19,FALSE,TRUE,50,5,24,42,TRUE,22,14.56,"No","valorant",630,7,7,7,FALSE,TRUE,FALSE,TRUE,FALSE,FALSE,FALSE,FALSE,FALSE,FALSE,TRUE,FALSE,FALSE,FALSE,TRUE,FALSE
"28","202220004","Femenino",17,"Ingeniería Química",1,21,FALSE,TRUE,0,0,4,13,TRUE,5,15,"Tal vez","free fire",4,4,4,3,FALSE,TRUE,FALSE,FALSE,FALSE,FALSE,FALSE,FALSE,FALSE,FALSE,FALSE,FALSE,FALSE,FALSE,FALSE,TRUE
"29","202210563","Masculino",17,"Ingeniería Química",1,21,FALSE,TRUE,5000,167,3,8,TRUE,7,0,"Tal vez","destiny",2785,6,5,7,TRUE,TRUE,TRUE,TRUE,TRUE,FALSE,TRUE,TRUE,TRUE,FALSE,TRUE,FALSE,FALSE,FALSE,TRUE,FALSE
"30","202220097","Masculino",18,"Ciencia de la Computación",NA,20,TRUE,TRUE,0,0,3,10,TRUE,1,0,"No","dota",200,6,5,4,FALSE,TRUE,FALSE,TRUE,FALSE,FALSE,TRUE,FALSE,FALSE,FALSE,FALSE,FALSE,FALSE,TRUE,TRUE,FALSE
"31","202110315","Femenino",19,"Ingeniería Civil",4,18,FALSE,TRUE,0,0,2,10,TRUE,1,12,"No","among us",2,7,7,5,FALSE,FALSE,FALSE,TRUE,TRUE,FALSE,FALSE,FALSE,FALSE,FALSE,FALSE,FALSE,FALSE,TRUE,FALSE,FALSE
"32","202210287","Masculino",17,"Ingeniería Mecatrónica",2,21,FALSE,TRUE,1000,NA,1,0,FALSE,0,12.45,"Sí","league of legends",500,7,7,5,FALSE,FALSE,FALSE,TRUE,TRUE,FALSE,FALSE,FALSE,FALSE,FALSE,TRUE,FALSE,FALSE,FALSE,TRUE,FALSE
"33","202210191","Prefiero no especificar",17,"Bioingeniería",2,5,FALSE,TRUE,40,35,1,8,TRUE,1,13,"Tal vez","genshin impact",100,5,5,4,FALSE,TRUE,FALSE,FALSE,TRUE,TRUE,FALSE,FALSE,FALSE,TRUE,FALSE,FALSE,FALSE,TRUE,TRUE,FALSE
"34","202210177","Prefiero no especificar",17,"Bioingeniería",2,6,FALSE,TRUE,50,40,2,2,FALSE,0,12,"Sí","call of duty",3,7,5,5,TRUE,TRUE,TRUE,TRUE,TRUE,TRUE,TRUE,TRUE,TRUE,TRUE,TRUE,TRUE,TRUE,TRUE,TRUE,FALSE
"35","202210205","Femenino",17,"Ingeniería Civil",2,21,TRUE,TRUE,0,0,5,2,TRUE,2,12.6,"Tal vez","mario bros",3,7,6,6,TRUE,TRUE,FALSE,FALSE,FALSE,TRUE,FALSE,FALSE,FALSE,FALSE,FALSE,TRUE,FALSE,TRUE,TRUE,FALSE
"36","202258343","Femenino",17,"Ingeniería Mecatrónica",1,21,FALSE,TRUE,1390,150,2,4,FALSE,0,0,"Sí","fall guys",58,3,5,1,FALSE,FALSE,TRUE,TRUE,TRUE,FALSE,FALSE,TRUE,TRUE,FALSE,FALSE,FALSE,TRUE,FALSE,FALSE,FALSE
"37","202210061","Masculino",18,"Ingeniería Mecánica",2,20,FALSE,TRUE,400,159,2,6,TRUE,1,14.6,"Sí","smash bros",1500,6,6,7,FALSE,FALSE,FALSE,FALSE,FALSE,TRUE,FALSE,TRUE,TRUE,TRUE,TRUE,FALSE,TRUE,FALSE,TRUE,FALSE
"38","201910454","Masculino",21,"Ingeniería Mecánica",1,16,FALSE,TRUE,100,50,15,7,TRUE,15,14,"Sí","league of legends",2000,7,7,6,FALSE,TRUE,TRUE,TRUE,FALSE,TRUE,TRUE,TRUE,FALSE,FALSE,TRUE,FALSE,FALSE,FALSE,TRUE,FALSE
"39","202110462","Femenino",18,"Administración & Negocios Digitales",4,20,FALSE,TRUE,0,0,4,4,TRUE,2,13.4,"Tal vez","valorant",3,7,7,3,FALSE,FALSE,TRUE,FALSE,TRUE,FALSE,FALSE,FALSE,FALSE,FALSE,TRUE,FALSE,FALSE,FALSE,TRUE,FALSE
"40","202010543","Masculino",20,"Ingeniería Mecánica",3,15,TRUE,TRUE,2000,30,14,14,TRUE,14,14,"Sí","free fire",5,6,5,4,TRUE,FALSE,FALSE,FALSE,FALSE,FALSE,TRUE,FALSE,TRUE,FALSE,TRUE,FALSE,FALSE,TRUE,FALSE,FALSE
"41","202220307","Masculino",21,"Ciencia de la Computación",1,22,FALSE,TRUE,250,35,4,35,FALSE,2,16,"Tal vez","dota",4,7,6,7,TRUE,TRUE,FALSE,TRUE,FALSE,FALSE,TRUE,FALSE,TRUE,FALSE,FALSE,FALSE,FALSE,FALSE,TRUE,FALSE
"42","202010211","Masculino",18,"Ingeniería Mecatrónica",6,16,FALSE,TRUE,0,0,3,5,TRUE,1,14,"Tal vez","clash royale",NA,5,5,7,FALSE,TRUE,FALSE,TRUE,TRUE,FALSE,FALSE,TRUE,TRUE,FALSE,TRUE,FALSE,FALSE,TRUE,TRUE,FALSE
"43","202020116","Masculino",24,"Ingeniería Industrial",5,23,TRUE,TRUE,1400,26,4,7,TRUE,4,16,"No","pokemon",1400,6,5,6,FALSE,FALSE,FALSE,TRUE,FALSE,FALSE,TRUE,FALSE,FALSE,FALSE,TRUE,FALSE,FALSE,TRUE,FALSE,FALSE
"44","201910543","Masculino",19,"Ingeniería Electrónica",6,22,TRUE,TRUE,200,10,4,10,TRUE,2,14,"No","call of duty",30,6,6,5,FALSE,FALSE,FALSE,FALSE,FALSE,FALSE,FALSE,FALSE,FALSE,FALSE,TRUE,FALSE,FALSE,TRUE,TRUE,FALSE
"45","202110358","Femenino",17,"Ciencia de Datos",4,19,FALSE,TRUE,0,0,5,13,TRUE,2,14,"No","fall guys",2,6,6,3,FALSE,FALSE,TRUE,FALSE,TRUE,FALSE,FALSE,FALSE,TRUE,FALSE,TRUE,FALSE,TRUE,TRUE,TRUE,FALSE
"46","201910450","Femenino",23,"Ingeniería Mecatrónica",6,21,FALSE,TRUE,40,0,8,12,FALSE,2,13,"Tal vez","hogwarts mystery",4,7,6,5,FALSE,TRUE,FALSE,FALSE,FALSE,FALSE,FALSE,FALSE,FALSE,FALSE,TRUE,FALSE,FALSE,TRUE,TRUE,FALSE
"47","201910526","Masculino",22,"Ingeniería Mecatrónica",4,18,TRUE,TRUE,100,75,15,10,TRUE,2,12,"Tal vez","dota",5000,6,7,6,FALSE,FALSE,FALSE,FALSE,FALSE,FALSE,TRUE,FALSE,FALSE,FALSE,TRUE,FALSE,TRUE,TRUE,TRUE,FALSE
"48","202220294","Femenino",20,"Ingeniería Civil",1,20,FALSE,TRUE,100,20,4,8,TRUE,2,15,"No","free fire",5,7,7,7,FALSE,TRUE,FALSE,TRUE,TRUE,TRUE,FALSE,FALSE,FALSE,FALSE,TRUE,TRUE,FALSE,TRUE,FALSE,FALSE
"49","202120669","Masculino",20,"Ingeniería Mecánica",3,15,FALSE,TRUE,0,70,8,12,FALSE,6,11,"Sí","assasins creed",60,7,6,6,TRUE,TRUE,FALSE,FALSE,TRUE,FALSE,FALSE,TRUE,FALSE,FALSE,TRUE,TRUE,FALSE,TRUE,FALSE,FALSE
"50","202210592","Femenino",17,"Administración & Negocios Digitales",2,14,FALSE,TRUE,100,40,7,10,TRUE,5,14,"Tal vez","valorant",12,7,7,5,FALSE,FALSE,TRUE,FALSE,TRUE,FALSE,TRUE,TRUE,TRUE,TRUE,TRUE,FALSE,FALSE,TRUE,FALSE,FALSE
"51","202210104","Femenino",17,"Bioingeniería",2,20,FALSE,TRUE,0,0,1,15,FALSE,NA,10.5,"Tal vez","genshin impact",2,4,7,2,FALSE,FALSE,FALSE,FALSE,FALSE,TRUE,TRUE,FALSE,FALSE,FALSE,FALSE,TRUE,FALSE,TRUE,TRUE,FALSE
"52","202210354","Femenino",18,"Administración & Negocios Digitales",2,18,FALSE,TRUE,0,0,2,3,TRUE,2,13,"No","valorant",NA,7,5,4,TRUE,TRUE,FALSE,TRUE,TRUE,TRUE,TRUE,TRUE,FALSE,FALSE,TRUE,TRUE,FALSE,TRUE,TRUE,FALSE
"53","202120259","Masculino",18,"Ingeniería Civil",3,18,TRUE,TRUE,0,0,1,1,TRUE,1,14,"Sí","counter strike",1,6,6,4,FALSE,TRUE,TRUE,TRUE,FALSE,FALSE,FALSE,TRUE,TRUE,FALSE,TRUE,TRUE,FALSE,TRUE,FALSE,FALSE
"54","202110251","Femenino",19,"Ingeniería Química",4,8,TRUE,TRUE,100,78,4,35,TRUE,3,14.61,"No","don´t starve together",406,7,7,5,TRUE,TRUE,TRUE,TRUE,FALSE,TRUE,TRUE,TRUE,TRUE,TRUE,TRUE,TRUE,FALSE,TRUE,TRUE,FALSE
"55","202210064","Masculino",17,"Ciencia de la Computación",2,15,FALSE,TRUE,200,200,3,6,TRUE,1,12.35,"No","spiderman",100,7,7,6,FALSE,FALSE,TRUE,TRUE,TRUE,FALSE,FALSE,TRUE,TRUE,FALSE,TRUE,FALSE,TRUE,TRUE,FALSE,TRUE
"56","202210238","Masculino",17,"Ciencia de la Computación",2,20,FALSE,TRUE,50,30,5,10,TRUE,NA,11.8,"Sí","valorant",200,4,4,6,FALSE,TRUE,TRUE,TRUE,FALSE,FALSE,FALSE,FALSE,FALSE,FALSE,TRUE,FALSE,FALSE,TRUE,TRUE,FALSE
"57","202110550","Masculino",19,"Ingeniería Ambiental",4,21,TRUE,TRUE,150,35,5,18,TRUE,4,13.6,"Tal vez","gungrave",8,7,7,6,FALSE,FALSE,TRUE,FALSE,FALSE,FALSE,FALSE,TRUE,FALSE,FALSE,FALSE,FALSE,FALSE,FALSE,TRUE,FALSE
"58","201820051","Masculino",24,"Bioingeniería",7,16,FALSE,TRUE,0,0,1,5,TRUE,4,17,"Sí","dota",2,7,7,7,TRUE,TRUE,FALSE,TRUE,FALSE,TRUE,FALSE,TRUE,FALSE,FALSE,TRUE,FALSE,FALSE,TRUE,TRUE,FALSE
"59","201910401","Femenino",21,"Ingeniería Ambiental",7,21,FALSE,TRUE,5,5,1,12,TRUE,1,16,"No","l4d2",400.5,7,7,5,FALSE,FALSE,FALSE,FALSE,FALSE,FALSE,FALSE,FALSE,FALSE,FALSE,TRUE,FALSE,FALSE,FALSE,TRUE,FALSE
"60","201820117","Masculino",21,"Ingeniería Ambiental",8,23,FALSE,TRUE,250,NA,8,12,TRUE,2,14.8,"Sí","league of legends",200,6,6,7,FALSE,FALSE,FALSE,TRUE,FALSE,TRUE,FALSE,FALSE,FALSE,FALSE,TRUE,FALSE,FALSE,FALSE,TRUE,FALSE
"61","201820116","Masculino",21,"Bioingeniería",9,16,FALSE,TRUE,0,0,10,20,FALSE,NA,15.4,"No","dota",3532,7,7,7,FALSE,FALSE,FALSE,TRUE,FALSE,TRUE,TRUE,TRUE,FALSE,FALSE,FALSE,FALSE,FALSE,FALSE,TRUE,FALSE
"62","201910347","Masculino",20,"Ingeniería Civil",5,25,FALSE,TRUE,0,15,0,8,TRUE,1,14.22,"Tal vez","dota",3000,6,6,7,FALSE,FALSE,FALSE,TRUE,TRUE,FALSE,TRUE,FALSE,FALSE,FALSE,TRUE,FALSE,FALSE,FALSE,TRUE,FALSE
"63","202120141","Femenino",21,"Ingeniería Industrial",3,16,FALSE,TRUE,100,100,5,6,TRUE,4,14.4,"Sí","barbie",3,7,7,7,FALSE,FALSE,FALSE,TRUE,FALSE,TRUE,FALSE,FALSE,TRUE,FALSE,FALSE,FALSE,FALSE,TRUE,TRUE,FALSE
"64","202120287","Femenino",18,"Ingeniería Industrial",3,19,TRUE,TRUE,100,30,2,10,TRUE,3,14,"Sí","ludo",4,6,7,7,FALSE,FALSE,TRUE,TRUE,FALSE,TRUE,FALSE,FALSE,FALSE,FALSE,TRUE,TRUE,FALSE,TRUE,FALSE,FALSE
"65","202120698","Femenino",21,"Ingeniería Industrial",3,20,FALSE,TRUE,100,50,2,10,FALSE,NA,14,"Tal vez",NA,3,3,4,2,FALSE,FALSE,TRUE,FALSE,FALSE,FALSE,FALSE,FALSE,FALSE,FALSE,FALSE,FALSE,FALSE,TRUE,FALSE,FALSE
"66","202120445","Masculino",19,"Ciencia de la Computación",3,21,FALSE,TRUE,70,50,3,5,TRUE,1,15.56,"No","brawl stars",352,7,7,6,TRUE,TRUE,TRUE,TRUE,FALSE,TRUE,TRUE,TRUE,FALSE,FALSE,TRUE,TRUE,FALSE,TRUE,TRUE,FALSE
"67","201910505","Femenino",21,"Ingeniería Mecánica",5,16,FALSE,TRUE,100,6,7,10,FALSE,NA,13,"Tal vez","farpoint",20,7,6,2,FALSE,FALSE,FALSE,FALSE,FALSE,TRUE,FALSE,FALSE,FALSE,TRUE,TRUE,TRUE,FALSE,TRUE,FALSE,FALSE
"68","202120364","Masculino",19,"Ingeniería Civil",3,14,FALSE,TRUE,20,0,1,10,TRUE,2,15,"Sí","free fire",NA,5,3,6,FALSE,TRUE,TRUE,FALSE,FALSE,TRUE,FALSE,TRUE,FALSE,FALSE,TRUE,FALSE,FALSE,TRUE,TRUE,FALSE
"69","202210610","Masculino",23,"Ingeniería de la Energía",3,18,FALSE,TRUE,150,45,2,5,TRUE,2,16.1,"No","counter strike",2,7,5,4,FALSE,TRUE,TRUE,FALSE,FALSE,FALSE,FALSE,FALSE,FALSE,FALSE,TRUE,FALSE,FALSE,TRUE,TRUE,FALSE
"70","201810592","Masculino",21,"Ingeniería Electrónica",9,13,FALSE,TRUE,200,35,2,20,FALSE,2,14.6,"No","valorant",2,7,5,4,FALSE,TRUE,FALSE,FALSE,FALSE,FALSE,FALSE,FALSE,TRUE,FALSE,TRUE,FALSE,FALSE,TRUE,FALSE,FALSE
"71","201910061","Femenino",20,"Ingeniería Industrial",6,19,FALSE,TRUE,100,30,2,5,TRUE,1,14.7,"No","mario bros",100,7,5,3,TRUE,FALSE,TRUE,FALSE,FALSE,FALSE,FALSE,FALSE,FALSE,FALSE,FALSE,TRUE,FALSE,TRUE,TRUE,FALSE
"72","202010109","Masculino",19,"Ciencia de la Computación",6,22,TRUE,TRUE,300,100,10,8,TRUE,8,13.6,"No","league of legends",2500,6,7,6,TRUE,FALSE,FALSE,FALSE,FALSE,TRUE,TRUE,TRUE,FALSE,FALSE,TRUE,FALSE,TRUE,TRUE,TRUE,TRUE
"73","202110017","Masculino",18,"Ciencia de la Computación",4,21,FALSE,TRUE,50,170,1,21,TRUE,1,16.95,"No","age of empires",2,7,7,5,FALSE,FALSE,TRUE,FALSE,FALSE,FALSE,FALSE,FALSE,TRUE,FALSE,TRUE,FALSE,TRUE,TRUE,TRUE,FALSE
"74","202110624","Masculino",19,"Ingeniería Mecatrónica",4,16,TRUE,TRUE,1,0,13,16,FALSE,0,12.3,"Tal vez","left 4 dead",12,6,6,4,FALSE,FALSE,FALSE,TRUE,FALSE,FALSE,FALSE,TRUE,FALSE,TRUE,TRUE,TRUE,FALSE,FALSE,TRUE,FALSE
"75","202210326","Masculino",17,"Ingeniería Industrial",2,20,FALSE,TRUE,150,150,0,5,TRUE,1,17.35,"No","gta",4,6,7,6,FALSE,FALSE,TRUE,FALSE,FALSE,FALSE,FALSE,TRUE,FALSE,FALSE,TRUE,TRUE,TRUE,TRUE,FALSE,FALSE
"76","202020025","Masculino",19,"Ciencia de la Computación",5,17,TRUE,TRUE,200,90,15,10,TRUE,7,14,"Sí","wow",NA,7,6,5,FALSE,TRUE,FALSE,FALSE,FALSE,TRUE,TRUE,FALSE,FALSE,TRUE,FALSE,TRUE,FALSE,FALSE,TRUE,FALSE
"77","202110709","Masculino",18,"Ciencia de la Computación",4,20,FALSE,TRUE,200,NA,10,3,TRUE,10,15.7,"Sí","spiderman",20,7,6,7,FALSE,FALSE,FALSE,TRUE,FALSE,FALSE,FALSE,FALSE,FALSE,FALSE,TRUE,FALSE,TRUE,TRUE,TRUE,FALSE
"78","202110299","Masculino",19,"Ciencia de la Computación",4,20,FALSE,TRUE,100,50,8,10,TRUE,1,14,"Tal vez","tf2",300,5,6,5,FALSE,TRUE,FALSE,TRUE,TRUE,FALSE,FALSE,TRUE,TRUE,TRUE,TRUE,FALSE,FALSE,TRUE,TRUE,FALSE
"79","202020026","Masculino",20,"Ciencia de la Computación",5,16,FALSE,TRUE,20,10,4,5,TRUE,4,13.4,"Tal vez","pokemon",2,6,6,4,FALSE,TRUE,FALSE,TRUE,TRUE,TRUE,TRUE,TRUE,TRUE,TRUE,TRUE,FALSE,TRUE,TRUE,TRUE,FALSE
"80","201810510","Masculino",21,"Ingeniería de la Energía",10,16,FALSE,TRUE,15,100,20,5,TRUE,15,16,"Tal vez","valorant",400,6,6,6,FALSE,FALSE,FALSE,TRUE,FALSE,TRUE,FALSE,FALSE,FALSE,FALSE,TRUE,FALSE,FALSE,FALSE,TRUE,FALSE
"81","202120523","Masculino",19,"Ciencia de la Computación",3,22,FALSE,TRUE,100,70,4,5,TRUE,3,14.73,"Tal vez","dota",12,6,6,5,FALSE,FALSE,FALSE,FALSE,FALSE,TRUE,FALSE,TRUE,FALSE,FALSE,FALSE,FALSE,FALSE,TRUE,TRUE,FALSE
"82","202010153","Masculino",20,"Ingeniería Ambiental",6,14,FALSE,TRUE,500,200,8,8,TRUE,6,17.5,"No","valorant",8,5,6,5,FALSE,TRUE,FALSE,FALSE,FALSE,TRUE,FALSE,FALSE,FALSE,FALSE,TRUE,FALSE,TRUE,FALSE,TRUE,FALSE
"83","201910142","Masculino",21,"Bioingeniería",7,22,TRUE,TRUE,0,0,14,12,FALSE,NA,15.23,"Tal vez","clash royale",14,6,6,5,FALSE,FALSE,FALSE,TRUE,FALSE,FALSE,FALSE,FALSE,FALSE,FALSE,FALSE,FALSE,FALSE,TRUE,FALSE,FALSE
"84","202210574","Masculino",17,"Ingeniería Civil",2,21,FALSE,TRUE,10,0,1,80,TRUE,NA,12,"Sí","fifa",10,5,6,7,FALSE,FALSE,FALSE,FALSE,FALSE,FALSE,FALSE,TRUE,FALSE,FALSE,FALSE,FALSE,FALSE,TRUE,FALSE,FALSE
"85","202210414","Masculino",17,"Ingeniería Mecánica",2,26,FALSE,TRUE,200,180,3,40,TRUE,2,9.27,"No","f1",4,5,5,5,FALSE,FALSE,TRUE,FALSE,FALSE,FALSE,FALSE,FALSE,FALSE,FALSE,FALSE,TRUE,TRUE,FALSE,FALSE,FALSE
"86","202210536","Masculino",16,"Ingeniería Mecatrónica",2,20,FALSE,TRUE,50,NA,0,8,TRUE,2,10,"Sí","dota",10,5,7,7,FALSE,TRUE,FALSE,TRUE,FALSE,FALSE,TRUE,FALSE,FALSE,FALSE,TRUE,TRUE,FALSE,FALSE,TRUE,FALSE
"87","202210195","Masculino",17,"Ingeniería Mecatrónica",2,17,FALSE,TRUE,200,12,NA,10,TRUE,4,16,"No","apex legends",20,7,7,7,TRUE,TRUE,TRUE,TRUE,TRUE,TRUE,TRUE,TRUE,FALSE,TRUE,TRUE,TRUE,TRUE,TRUE,TRUE,TRUE
"88","202210505","Prefiero no especificar",18,"Ciencia de la Computación",2,16,FALSE,TRUE,500,229,7,8,TRUE,1,16.75,"Sí","katana zero",20,7,7,6,TRUE,TRUE,FALSE,TRUE,FALSE,TRUE,FALSE,FALSE,FALSE,TRUE,FALSE,FALSE,TRUE,FALSE,TRUE,FALSE
"89","202120351","Masculino",18,"Ciencia de la Computación",3,20,FALSE,TRUE,100,35,3,3,TRUE,1,16,"No","dota",2600,7,7,7,TRUE,TRUE,TRUE,TRUE,FALSE,TRUE,TRUE,TRUE,TRUE,FALSE,TRUE,FALSE,FALSE,TRUE,TRUE,FALSE
"90","202210153","Femenino",17,"Ciencia de Datos",1,20,FALSE,TRUE,30,0,0,8,TRUE,0,18,"Tal vez","valorant",80,4,4,3,FALSE,TRUE,FALSE,TRUE,FALSE,FALSE,TRUE,FALSE,FALSE,FALSE,TRUE,FALSE,FALSE,TRUE,TRUE,FALSE
"91","202010524","Masculino",20,"Ingeniería Mecánica",6,17,FALSE,TRUE,0,180,1,5,FALSE,0,14.21,"No","assasins creed",130,5,6,4,FALSE,TRUE,FALSE,FALSE,FALSE,FALSE,FALSE,FALSE,FALSE,FALSE,FALSE,FALSE,TRUE,FALSE,FALSE,FALSE
"92","202010511","Masculino",19,"Ingeniería de la Energía",5,18,FALSE,TRUE,140,43,15,20,TRUE,6,13,"Tal vez","fifa",268,7,6,5,FALSE,FALSE,TRUE,TRUE,FALSE,TRUE,FALSE,TRUE,FALSE,FALSE,TRUE,TRUE,TRUE,FALSE,TRUE,FALSE
"93","202110387","Masculino",19,"Ingeniería Ambiental",4,20,FALSE,TRUE,75,40,10,2,TRUE,3,14,"No","age of empires",100,7,5,6,TRUE,TRUE,TRUE,TRUE,FALSE,FALSE,TRUE,FALSE,FALSE,FALSE,TRUE,FALSE,TRUE,TRUE,TRUE,FALSE
"94","202010570","Masculino",21,"Ingeniería Industrial",5,12,FALSE,TRUE,50,80,1,20,TRUE,2,14,"No","age of empires",6,7,6,6,TRUE,FALSE,TRUE,FALSE,FALSE,FALSE,FALSE,TRUE,FALSE,FALSE,TRUE,FALSE,TRUE,FALSE,FALSE,FALSE
"95","201720060","Masculino",22,"Ingeniería Mecatrónica",9,17,FALSE,TRUE,0,100,6,4,TRUE,3,15.6,"Tal vez","dota",3,7,7,4,FALSE,FALSE,FALSE,FALSE,FALSE,TRUE,TRUE,FALSE,FALSE,FALSE,FALSE,FALSE,FALSE,TRUE,TRUE,FALSE
"96","202120539","Masculino",18,"Bioingeniería",3,22,TRUE,TRUE,300,200,6,40,TRUE,4,14.33,"No","fortnite",6,7,6,7,FALSE,TRUE,FALSE,FALSE,TRUE,FALSE,TRUE,FALSE,FALSE,FALSE,FALSE,TRUE,FALSE,FALSE,TRUE,FALSE
"97","202110708","Masculino",19,"Ingeniería Civil",4,22,FALSE,TRUE,0,18,2,8,TRUE,2,15.34,"No","hollow knight",30,7,7,5,FALSE,FALSE,FALSE,TRUE,FALSE,TRUE,TRUE,FALSE,FALSE,TRUE,TRUE,FALSE,FALSE,TRUE,TRUE,FALSE
"98","202220112","Femenino",18,"Bioingeniería",1,21,FALSE,TRUE,0,0,3,4,TRUE,2,NA,"No","call of duty",1,5,6,6,FALSE,FALSE,FALSE,FALSE,FALSE,FALSE,FALSE,FALSE,FALSE,FALSE,TRUE,FALSE,FALSE,TRUE,FALSE,FALSE
"99","201720073","Masculino",21,"Ingeniería Ambiental",10,16,FALSE,TRUE,30,20,6,14,TRUE,2,15,"Sí","league of legends",6,6,6,6,FALSE,FALSE,TRUE,TRUE,TRUE,TRUE,FALSE,TRUE,FALSE,FALSE,FALSE,FALSE,FALSE,FALSE,TRUE,FALSE
"100","202220262","Femenino",17,"Bioingeniería",1,21,FALSE,TRUE,100,200,7,3,TRUE,1,NA,"No","clash royale",7,6,5,6,TRUE,TRUE,FALSE,TRUE,FALSE,FALSE,FALSE,FALSE,TRUE,FALSE,TRUE,TRUE,TRUE,TRUE,TRUE,FALSE
"101","202120486","Masculino",19,"Bioingeniería",3,19,TRUE,TRUE,6,6,2,2,TRUE,2,14.6,"No","left 4 dead",2,4,2,3,FALSE,FALSE,FALSE,FALSE,FALSE,TRUE,FALSE,FALSE,FALSE,FALSE,TRUE,FALSE,FALSE,FALSE,TRUE,FALSE
"102","202110218","Femenino",19,"Bioingeniería",4,21,TRUE,TRUE,280,280,4,10,TRUE,3,15,"Tal vez","fifa",30,6,5,3,FALSE,FALSE,TRUE,FALSE,FALSE,FALSE,FALSE,FALSE,FALSE,FALSE,TRUE,FALSE,TRUE,FALSE,TRUE,FALSE
"103","202020086","Masculino",19,"Ingeniería Mecatrónica",1,20,FALSE,TRUE,1000,25,2,NA,TRUE,2,19,"No","valorant",200,7,6,5,FALSE,FALSE,FALSE,FALSE,FALSE,FALSE,FALSE,FALSE,FALSE,FALSE,TRUE,FALSE,FALSE,FALSE,TRUE,FALSE
"104","201810566","Masculino",22,"Ingeniería Mecatrónica",16,16,FALSE,TRUE,200,80,8,20,TRUE,2,15.4,"No","brawl stars",300,7,7,7,FALSE,TRUE,TRUE,TRUE,TRUE,TRUE,FALSE,TRUE,TRUE,FALSE,TRUE,TRUE,FALSE,TRUE,TRUE,FALSE
"105","202120285","Masculino",18,"Ingeniería Mecatrónica",3,24,TRUE,TRUE,50,20,2,24,TRUE,2,15.6,"Tal vez","clash royale",500,6,6,7,FALSE,TRUE,TRUE,TRUE,FALSE,FALSE,FALSE,TRUE,TRUE,FALSE,TRUE,TRUE,FALSE,TRUE,TRUE,FALSE
"106","202220161","Masculino",17,"Ingeniería Mecatrónica",1,20,FALSE,TRUE,0,0,1,2,FALSE,NA,17.2,"No","valorant",3,5,5,6,FALSE,TRUE,TRUE,TRUE,FALSE,TRUE,FALSE,TRUE,FALSE,FALSE,TRUE,FALSE,FALSE,FALSE,TRUE,FALSE
"107","201720026","Masculino",23,"Ingeniería Química",10,16,FALSE,TRUE,120,200,7,7,FALSE,2,9,"Sí","pokemon",120,7,7,6,FALSE,FALSE,TRUE,TRUE,TRUE,FALSE,TRUE,TRUE,TRUE,FALSE,TRUE,FALSE,TRUE,TRUE,TRUE,FALSE
"108","202110699","Femenino",18,"Ingeniería Química",4,20,FALSE,TRUE,0,0,2,24,TRUE,3,14,"Tal vez","minecraft",3,7,6,4,FALSE,TRUE,FALSE,FALSE,FALSE,FALSE,FALSE,FALSE,FALSE,TRUE,FALSE,FALSE,FALSE,FALSE,TRUE,FALSE
"109","202020036","Masculino",21,"Ingeniería Electrónica",5,25,FALSE,TRUE,200,50,7,8,TRUE,2,13.7,"Tal vez","persona 5",180,7,5,5,FALSE,FALSE,FALSE,FALSE,FALSE,TRUE,FALSE,FALSE,FALSE,TRUE,FALSE,FALSE,TRUE,FALSE,TRUE,FALSE
"110","202120073","Masculino",18,"Ingeniería Civil",3,21,TRUE,TRUE,300,100,4,4,TRUE,4,15.25,"Tal vez","world of tanks",600,7,7,7,FALSE,FALSE,TRUE,FALSE,FALSE,FALSE,FALSE,FALSE,TRUE,FALSE,TRUE,FALSE,FALSE,TRUE,TRUE,FALSE
"111","202210236","Femenino",17,"Ingeniería Mecatrónica",2,18,FALSE,TRUE,200,32,8,10,TRUE,4,14.6,"Sí","valorant",100,7,7,3,FALSE,TRUE,FALSE,FALSE,TRUE,TRUE,FALSE,TRUE,FALSE,FALSE,TRUE,TRUE,FALSE,TRUE,TRUE,FALSE
"112","202210145","Masculino",17,"Ingeniería Mecatrónica",2,20,FALSE,TRUE,0,0,NA,2,FALSE,2,13.4,"Sí","league of legends",300,7,7,7,FALSE,FALSE,FALSE,FALSE,FALSE,FALSE,TRUE,FALSE,FALSE,FALSE,TRUE,FALSE,FALSE,FALSE,TRUE,FALSE
"113","202010370","Masculino",21,"Ingeniería Química",6,16,FALSE,TRUE,1500,NA,16,3,TRUE,10,14.3,"Sí","ratchet and clank",45,7,7,7,FALSE,TRUE,FALSE,TRUE,TRUE,FALSE,FALSE,FALSE,TRUE,TRUE,TRUE,TRUE,FALSE,FALSE,TRUE,TRUE
"114","202120080","Femenino",18,"Ingeniería Civil",3,21,FALSE,TRUE,55,0,5,5,TRUE,1,14,"Sí","genshin impact",600,7,5,5,FALSE,TRUE,FALSE,FALSE,FALSE,FALSE,FALSE,FALSE,FALSE,TRUE,FALSE,TRUE,FALSE,TRUE,TRUE,FALSE
"115","202110176","Masculino",19,"Ciencia de la Computación",4,20,FALSE,TRUE,30,7,1,20,TRUE,1,19.86,"Tal vez","rainbow six siege",1500,5,4,2,FALSE,TRUE,FALSE,FALSE,FALSE,FALSE,FALSE,FALSE,TRUE,TRUE,TRUE,FALSE,FALSE,FALSE,TRUE,FALSE
"116","202220064","Femenino",19,"Ingeniería Ambiental",1,20,FALSE,TRUE,0,0,1,8,FALSE,0,18.45,"Tal vez","valorant",1,5,4,5,FALSE,FALSE,FALSE,TRUE,TRUE,FALSE,TRUE,TRUE,FALSE,FALSE,TRUE,TRUE,FALSE,TRUE,TRUE,FALSE
"117","202210351","Femenino",17,"Administración & Negocios Digitales",2,20,FALSE,TRUE,0,0,0,6,FALSE,0,17,"No","league of legends",50,4,3,3,FALSE,FALSE,FALSE,FALSE,FALSE,FALSE,TRUE,FALSE,FALSE,FALSE,FALSE,FALSE,FALSE,TRUE,FALSE,FALSE
"118","202210425","Masculino",18,"Administración & Negocios Digitales",1,20,FALSE,TRUE,0,0,NA,6,TRUE,NA,16,"No","brawl stars",2,6,3,5,TRUE,FALSE,FALSE,FALSE,TRUE,FALSE,FALSE,FALSE,FALSE,FALSE,FALSE,FALSE,FALSE,TRUE,TRUE,FALSE
"119","202110631","Femenino",18,"Ingeniería Industrial",2,16,FALSE,TRUE,0,50,4,5,TRUE,3,11.41,"Sí","god of war",2,7,4,4,FALSE,FALSE,FALSE,FALSE,TRUE,FALSE,FALSE,TRUE,FALSE,FALSE,FALSE,FALSE,FALSE,FALSE,TRUE,TRUE
"120","201820139","Masculino",23,"Ciencia de la Computación",8,23,TRUE,TRUE,200,100,1,8,TRUE,2,14.89,"Tal vez","dota",2,7,7,7,FALSE,FALSE,FALSE,FALSE,FALSE,TRUE,TRUE,TRUE,TRUE,FALSE,FALSE,FALSE,TRUE,FALSE,TRUE,FALSE
"121","202120152","Femenino",18,"Bioingeniería",3,21,TRUE,TRUE,15,0,0,18,FALSE,0,15.6,"No","free fire",2,5,6,5,FALSE,TRUE,TRUE,TRUE,TRUE,FALSE,TRUE,TRUE,FALSE,FALSE,FALSE,FALSE,FALSE,TRUE,FALSE,TRUE
"122","202220012","Femenino",18,"Ingeniería Ambiental",1,20,TRUE,TRUE,0,0,1,15,TRUE,1,18,"Sí","juegos.io",3,7,6,3,TRUE,FALSE,TRUE,TRUE,TRUE,FALSE,FALSE,TRUE,TRUE,TRUE,TRUE,TRUE,FALSE,TRUE,TRUE,TRUE
"123","201810677","Masculino",21,"Ingeniería Electrónica",8,19,FALSE,TRUE,0,150,5,45,TRUE,2,16.05,"Tal vez","ace combat 7",800,7,6,5,FALSE,FALSE,TRUE,TRUE,FALSE,TRUE,TRUE,TRUE,FALSE,TRUE,TRUE,TRUE,FALSE,FALSE,TRUE,FALSE
"124","202220252","Femenino",19,"Ingeniería Ambiental",1,20,FALSE,TRUE,100,50,1,6,TRUE,1,NA,"No","free fire",1,5,5,3,FALSE,FALSE,TRUE,FALSE,FALSE,FALSE,FALSE,FALSE,FALSE,FALSE,FALSE,FALSE,FALSE,FALSE,TRUE,FALSE
"125","201810697","Masculino",21,"Administración & Negocios Digitales",3,22,TRUE,TRUE,80,50,3,15,TRUE,3,14,"No","counter strike",3,5,3,3,TRUE,TRUE,TRUE,TRUE,TRUE,TRUE,TRUE,TRUE,TRUE,TRUE,TRUE,TRUE,TRUE,TRUE,TRUE,TRUE
"126","202210166","Masculino",18,"Administración & Negocios Digitales",6,24,FALSE,TRUE,400,4,8,4,TRUE,2,16.7,"No","osu!",550,7,7,7,FALSE,TRUE,FALSE,TRUE,FALSE,FALSE,TRUE,FALSE,TRUE,TRUE,TRUE,FALSE,FALSE,FALSE,TRUE,FALSE
"127","202210390","Femenino",17,"Ingeniería Industrial",2,21,TRUE,TRUE,5000,80,2,4,TRUE,4,14,"No","fortnite",4,7,5,6,FALSE,FALSE,TRUE,FALSE,TRUE,FALSE,TRUE,TRUE,FALSE,FALSE,TRUE,TRUE,TRUE,TRUE,FALSE,FALSE
"128","202210023","Femenino",17,"Ingeniería Industrial",2,20,FALSE,TRUE,20,35,1,7,TRUE,3,15,"Sí","full guys",2,6,5,4,FALSE,TRUE,TRUE,FALSE,TRUE,FALSE,FALSE,FALSE,FALSE,FALSE,FALSE,FALSE,FALSE,TRUE,TRUE,TRUE
"129","202210283","Femenino",18,"Ingeniería Industrial",2,20,FALSE,TRUE,1000,NA,3,8,TRUE,2,14.8,"Tal vez","gta",40,7,6,7,FALSE,TRUE,FALSE,FALSE,FALSE,FALSE,FALSE,FALSE,FALSE,TRUE,FALSE,FALSE,TRUE,TRUE,FALSE,FALSE
"130","202210284","Femenino",18,"Ingeniería Industrial",2,20,FALSE,TRUE,220,180,1,14,TRUE,1,14,"No","gta",1,6,6,5,FALSE,TRUE,FALSE,FALSE,FALSE,FALSE,FALSE,FALSE,FALSE,FALSE,TRUE,FALSE,FALSE,TRUE,FALSE,TRUE
"131","202210155","Masculino",17,"Bioingeniería",2,21,TRUE,TRUE,0,250,7,21,TRUE,1,15.05,"No","left 4 dead",2,6,4,3,TRUE,TRUE,FALSE,TRUE,TRUE,TRUE,FALSE,TRUE,TRUE,TRUE,TRUE,TRUE,FALSE,FALSE,TRUE,FALSE
"132","201910290","Masculino",20,"Ciencia de la Computación",8,19,FALSE,TRUE,0,0,1,40,FALSE,0,15.4,"No","counter strike",0,5,5,2,FALSE,FALSE,TRUE,TRUE,TRUE,FALSE,FALSE,TRUE,FALSE,FALSE,TRUE,FALSE,FALSE,TRUE,FALSE,FALSE
"133","202010262","Femenino",21,"Ingeniería Industrial",6,16,FALSE,TRUE,0,0,4,15,TRUE,2,17.5,"Tal vez","just dance",4,5,6,5,FALSE,FALSE,FALSE,FALSE,TRUE,FALSE,FALSE,FALSE,TRUE,FALSE,TRUE,TRUE,FALSE,TRUE,TRUE,FALSE
"134","202010311","Masculino",20,"Ciencia de la Computación",5,14,FALSE,TRUE,0,9.9,1,14,FALSE,0,16,"Sí","valorant",40,5,4,1,FALSE,TRUE,FALSE,TRUE,FALSE,FALSE,FALSE,TRUE,FALSE,FALSE,TRUE,FALSE,FALSE,TRUE,TRUE,FALSE
"135","202120100","Femenino",18,"Ingeniería Ambiental",5,17,FALSE,TRUE,0,0,1,2,FALSE,3,13,"No","minecraft",1,5,5,5,FALSE,FALSE,FALSE,TRUE,FALSE,FALSE,FALSE,TRUE,FALSE,FALSE,FALSE,FALSE,FALSE,TRUE,TRUE,FALSE
"136","201910178","Femenino",21,"Administración & Negocios Digitales",4,9,FALSE,TRUE,0,69,0,2,TRUE,1,17.7,"No","guitar hero",50,7,7,4,TRUE,FALSE,TRUE,TRUE,TRUE,FALSE,FALSE,FALSE,FALSE,FALSE,FALSE,FALSE,TRUE,TRUE,FALSE,FALSE
"137","202110311","Masculino",17,"Ingeniería Química",4,15,FALSE,TRUE,150,0,7,6,TRUE,2,17.5,"Sí","league of legends",200,5,6,6,FALSE,FALSE,FALSE,FALSE,TRUE,FALSE,TRUE,FALSE,FALSE,FALSE,TRUE,FALSE,FALSE,TRUE,TRUE,FALSE
"138","202120355","Masculino",NA,"Ingeniería Ambiental",3,21,FALSE,TRUE,20,50,2,4,FALSE,2,15,"Sí","mobile leyendes",4,5,6,3,FALSE,FALSE,TRUE,FALSE,FALSE,FALSE,FALSE,FALSE,FALSE,FALSE,FALSE,FALSE,FALSE,FALSE,FALSE,TRUE
"139","202120538","Masculino",18,"Ingeniería Mecatrónica",3,21,TRUE,TRUE,0,0,0,2,FALSE,0,14,"Tal vez","fortnite",1,7,5,4,TRUE,TRUE,TRUE,FALSE,TRUE,FALSE,FALSE,TRUE,FALSE,FALSE,TRUE,TRUE,TRUE,TRUE,TRUE,TRUE
"140","202110292","Femenino",17,"Ingeniería Civil",4,24,TRUE,TRUE,105,25,9,12,TRUE,17,15.8,"Sí","dota",230,6,6,6,FALSE,FALSE,TRUE,FALSE,FALSE,TRUE,TRUE,FALSE,TRUE,FALSE,TRUE,TRUE,FALSE,TRUE,TRUE,FALSE
"141","202110248","Masculino",18,"Ingeniería Civil",4,24,FALSE,TRUE,100,75,4,6,TRUE,2,16.5,"No","fortnite",100,7,6,5,TRUE,TRUE,TRUE,TRUE,TRUE,FALSE,FALSE,TRUE,FALSE,FALSE,TRUE,TRUE,TRUE,TRUE,FALSE,FALSE
"142","202110344","Masculino",18,"Ingeniería Mecatrónica",4,22,FALSE,TRUE,370,185,14,28,TRUE,NA,14.17,"No","smash bros",212,7,7,5,TRUE,TRUE,TRUE,TRUE,TRUE,TRUE,FALSE,TRUE,TRUE,TRUE,TRUE,FALSE,TRUE,TRUE,TRUE,FALSE
"143","202120524","Masculino",19,"Ingeniería Civil",7,20,FALSE,TRUE,200,50,8,10,TRUE,4,15.6,"Sí","dota",8,7,6,6,FALSE,TRUE,FALSE,TRUE,TRUE,TRUE,FALSE,TRUE,TRUE,FALSE,FALSE,TRUE,TRUE,TRUE,TRUE,FALSE
"144","201910313","Masculino",21,"Ingeniería Mecatrónica",8,17,FALSE,TRUE,200,40,25,8,TRUE,20,15,"Sí","league of legends",1500,7,6,5,FALSE,TRUE,TRUE,TRUE,FALSE,FALSE,TRUE,FALSE,FALSE,TRUE,TRUE,TRUE,FALSE,FALSE,TRUE,FALSE
"145","202110269","Femenino",18,"Bioingeniería",4,19,FALSE,TRUE,50,0,2,5,FALSE,NA,14.94,"Tal vez","pac-man",1,5,5,5,FALSE,FALSE,FALSE,FALSE,TRUE,FALSE,FALSE,FALSE,TRUE,FALSE,TRUE,TRUE,FALSE,TRUE,TRUE,FALSE
"146","202220331","Femenino",17,"Ingeniería Ambiental",1,20,FALSE,TRUE,70,50,3,8,TRUE,3,0,"Tal vez","valorant",3,5,6,4,FALSE,FALSE,TRUE,FALSE,TRUE,FALSE,FALSE,TRUE,FALSE,FALSE,TRUE,FALSE,FALSE,TRUE,TRUE,FALSE
"147","202120027","Masculino",17,"Ingeniería Civil",2,19,FALSE,TRUE,6000,1000,6,3,TRUE,10,11.86,"No","fortnite",6,7,7,7,FALSE,FALSE,FALSE,TRUE,FALSE,FALSE,FALSE,FALSE,FALSE,FALSE,TRUE,FALSE,TRUE,FALSE,TRUE,FALSE
"148","202210436","Masculino",18,"Ingeniería Mecatrónica",2,19,FALSE,TRUE,100,15,14,2,TRUE,1,17,"Sí","counter strike",450,7,7,5,TRUE,FALSE,TRUE,TRUE,TRUE,FALSE,FALSE,FALSE,FALSE,TRUE,TRUE,TRUE,FALSE,TRUE,FALSE,FALSE
"149","201510325","Masculino",25,"Ingeniería Mecánica",10,9,FALSE,TRUE,50,60,1,14,TRUE,1,14.5,"Tal vez","dota",1,7,6,5,FALSE,TRUE,TRUE,TRUE,FALSE,TRUE,TRUE,TRUE,TRUE,FALSE,TRUE,FALSE,FALSE,TRUE,TRUE,FALSE
"150","202220174","Femenino",17,"Ingeniería Industrial",7,20,TRUE,TRUE,0,0,5,140,TRUE,5,16,"No","dota",6,4,6,5,TRUE,TRUE,TRUE,TRUE,TRUE,TRUE,TRUE,TRUE,TRUE,TRUE,TRUE,TRUE,TRUE,TRUE,TRUE,TRUE
"151","202120093","Masculino",18,"Bioingeniería",3,16,TRUE,TRUE,0,0,3,14,TRUE,2,14,"Sí","call of duty",3,6,3,3,FALSE,FALSE,FALSE,FALSE,FALSE,FALSE,FALSE,FALSE,FALSE,FALSE,TRUE,FALSE,FALSE,TRUE,FALSE,FALSE
"152","202010313","Masculino",19,"Ingeniería Mecatrónica",4,16,FALSE,TRUE,200,50,2,4,TRUE,4,13,"No","fifa",2,7,6,6,FALSE,FALSE,TRUE,TRUE,TRUE,FALSE,FALSE,TRUE,FALSE,FALSE,TRUE,FALSE,FALSE,TRUE,TRUE,FALSE
"153","202020058","Masculino",21,"Ingeniería Mecatrónica",4,21,TRUE,TRUE,200,100,8,30,TRUE,5,16,"No","dota",2000,7,7,7,FALSE,FALSE,FALSE,FALSE,FALSE,FALSE,TRUE,TRUE,TRUE,FALSE,TRUE,FALSE,FALSE,FALSE,TRUE,FALSE
"154","202120242","Masculino",19,"Ingeniería Mecatrónica",3,21,FALSE,TRUE,250,15,NA,35,TRUE,1,13.4,"Sí","fifa",5,6,6,6,FALSE,TRUE,TRUE,FALSE,FALSE,FALSE,FALSE,TRUE,TRUE,FALSE,FALSE,FALSE,FALSE,TRUE,FALSE,FALSE
"155","202120329","Masculino",17,"Ingeniería Industrial",3,24,TRUE,TRUE,0,0,1,14,TRUE,1,16.5,"Tal vez","free fire",2,5,6,6,FALSE,FALSE,FALSE,FALSE,FALSE,FALSE,FALSE,FALSE,FALSE,FALSE,TRUE,FALSE,FALSE,TRUE,FALSE,FALSE
"156","201810593","Femenino",21,"Bioingeniería",3,12,FALSE,TRUE,160,24,6,6,TRUE,4,12.03,"Sí","fall guys",160,7,7,6,FALSE,FALSE,TRUE,FALSE,TRUE,TRUE,TRUE,FALSE,FALSE,FALSE,TRUE,FALSE,FALSE,TRUE,FALSE,FALSE
"157","202020129","Masculino",21,"Ciencia de la Computación",5,18,FALSE,TRUE,100,100,12,18,TRUE,12,10.5,"Sí","valorant",300,6,7,7,TRUE,FALSE,FALSE,TRUE,FALSE,FALSE,FALSE,FALSE,FALSE,FALSE,TRUE,FALSE,FALSE,FALSE,TRUE,FALSE
"158","202210458","Masculino",17,"Ingeniería Mecánica",2,20,FALSE,TRUE,0,0,2,6,TRUE,1,11.7,"No","valorant",200,7,5,5,FALSE,FALSE,TRUE,TRUE,TRUE,FALSE,FALSE,FALSE,FALSE,FALSE,TRUE,FALSE,FALSE,TRUE,TRUE,FALSE
"159","202110188","Masculino",21,"Ciencia de la Computación",3,17,TRUE,TRUE,700,31,4,13,TRUE,1,17,"Tal vez","battlefield 4",3,7,5,5,TRUE,FALSE,FALSE,FALSE,FALSE,TRUE,FALSE,TRUE,FALSE,FALSE,TRUE,FALSE,FALSE,TRUE,TRUE,FALSE
"160","202010290","Masculino",20,"Ciencia de la Computación",4,20,FALSE,TRUE,360,15,2,5,TRUE,1,12,"Sí","hades",20,5,6,4,FALSE,FALSE,FALSE,FALSE,FALSE,TRUE,FALSE,FALSE,FALSE,FALSE,FALSE,FALSE,FALSE,FALSE,TRUE,FALSE
"161","202210040","Masculino",18,"Ingeniería Industrial",2,13,FALSE,TRUE,150,200,NA,NA,TRUE,NA,12,"Tal vez","league of legends",200,7,7,6,FALSE,FALSE,FALSE,FALSE,FALSE,FALSE,TRUE,TRUE,FALSE,FALSE,TRUE,FALSE,FALSE,TRUE,TRUE,FALSE
"162","201810442","Masculino",21,"Ingeniería Industrial",10,8,FALSE,TRUE,50,20,6,6,TRUE,5,16,"No","counter strike",5000,6,6,5,FALSE,FALSE,TRUE,FALSE,FALSE,FALSE,FALSE,FALSE,FALSE,FALSE,TRUE,FALSE,FALSE,FALSE,TRUE,FALSE
"163","201710096","Masculino",NA,"Ingeniería Industrial",10,10,FALSE,TRUE,100,25,15,5,TRUE,10,15,"Tal vez","counter strike",5000,7,7,7,FALSE,FALSE,TRUE,FALSE,FALSE,FALSE,FALSE,FALSE,FALSE,FALSE,TRUE,FALSE,FALSE,FALSE,TRUE,FALSE
"164","201920093","Masculino",22,"Ingeniería Mecatrónica",7,20,FALSE,TRUE,500,70,6,9,TRUE,4,14.3,"Tal vez","nier autómata",55,6,5,6,FALSE,TRUE,FALSE,TRUE,FALSE,TRUE,TRUE,FALSE,TRUE,TRUE,FALSE,FALSE,TRUE,TRUE,TRUE,FALSE
"165","202010167","Masculino",20,"Ingeniería Electrónica",6,18,FALSE,TRUE,200,140,15,5,TRUE,1,15.8,"No","maplestory",500,6,5,3,FALSE,FALSE,FALSE,FALSE,FALSE,TRUE,TRUE,TRUE,FALSE,FALSE,TRUE,FALSE,TRUE,FALSE,TRUE,FALSE
"166","202120160","Masculino",22,"Bioingeniería",3,26,FALSE,TRUE,0,40,3,4,TRUE,2,14,"Sí","dota",200,6,6,6,FALSE,FALSE,TRUE,TRUE,FALSE,TRUE,TRUE,FALSE,FALSE,FALSE,FALSE,TRUE,FALSE,TRUE,TRUE,FALSE
"167","202120292","Masculino",20,"Ingeniería Civil",3,22,TRUE,TRUE,300,16,6,6,TRUE,2,14.4,"Tal vez","free fire",5,5,5,6,FALSE,TRUE,FALSE,TRUE,FALSE,FALSE,TRUE,TRUE,FALSE,FALSE,FALSE,FALSE,FALSE,TRUE,FALSE,FALSE
"168","202010389","Masculino",20,"Ingeniería Electrónica",6,19,FALSE,TRUE,200,160,6,10,TRUE,3,15.8,"No","hollow knight",80,7,2,6,FALSE,FALSE,FALSE,FALSE,FALSE,TRUE,TRUE,FALSE,FALSE,TRUE,TRUE,FALSE,TRUE,FALSE,FALSE,FALSE
"169","202020171","Masculino",21,"Ingeniería Civil",4,25,FALSE,TRUE,100,70,6,20,TRUE,10,15,"No","fortnite",100,7,7,7,FALSE,FALSE,TRUE,TRUE,FALSE,FALSE,FALSE,FALSE,FALSE,TRUE,TRUE,FALSE,FALSE,FALSE,TRUE,FALSE
"170","202120674","Femenino",19,"Ingeniería Industrial",3,9,TRUE,TRUE,0,0,0,40,FALSE,0,14,"Sí","free fire",1,2,1,2,TRUE,FALSE,FALSE,FALSE,FALSE,FALSE,FALSE,FALSE,FALSE,FALSE,TRUE,FALSE,FALSE,TRUE,FALSE,FALSE
"171","202020204","Femenino",19,"Ingeniería Ambiental",4,21,TRUE,TRUE,150,35,3,5,FALSE,2,13,"Tal vez","dota",3,5,4,5,FALSE,FALSE,FALSE,FALSE,FALSE,TRUE,FALSE,TRUE,FALSE,FALSE,FALSE,TRUE,FALSE,TRUE,TRUE,TRUE
"172","202120343","Masculino",18,"Ingeniería Civil",3,21,TRUE,TRUE,450,49,2,8,TRUE,8,14,"Tal vez","free fire",99,6,5,6,FALSE,TRUE,FALSE,TRUE,FALSE,FALSE,FALSE,TRUE,TRUE,TRUE,TRUE,TRUE,FALSE,TRUE,TRUE,FALSE
"173","202120664","Masculino",22,"Ingeniería Civil",3,18,FALSE,TRUE,100,0,4,28,TRUE,8,12.45,"Sí","dota",200,7,7,6,FALSE,FALSE,FALSE,TRUE,FALSE,FALSE,TRUE,FALSE,FALSE,FALSE,FALSE,FALSE,FALSE,FALSE,TRUE,FALSE
"174","202110486","Masculino",19,"Ciencia de la Computación",4,21,FALSE,TRUE,500,180,6,14,TRUE,2,14,"Tal vez","fifa",6,7,7,4,FALSE,FALSE,TRUE,FALSE,FALSE,FALSE,FALSE,FALSE,FALSE,FALSE,TRUE,FALSE,FALSE,FALSE,TRUE,FALSE
"175","20221019","Masculino",18,"Ciencia de la Computación",2,22,FALSE,TRUE,0,0,1,24,TRUE,2,15,"No","rocket league",240,5,6,5,FALSE,FALSE,FALSE,TRUE,FALSE,FALSE,TRUE,FALSE,FALSE,FALSE,TRUE,FALSE,FALSE,FALSE,TRUE,FALSE
"176","202120631","Masculino",20,"Ciencia de la Computación",3,22,TRUE,TRUE,100,12,3,5,TRUE,2,15,"Sí","chess.com",4,5,5,5,FALSE,FALSE,FALSE,TRUE,FALSE,FALSE,FALSE,FALSE,FALSE,FALSE,TRUE,FALSE,TRUE,FALSE,TRUE,FALSE
"177","202110122","Masculino",19,"Ciencia de la Computación",4,6,FALSE,TRUE,100,50,9,5,TRUE,6,16,"Tal vez","valorant",8,6,6,5,FALSE,FALSE,TRUE,FALSE,FALSE,FALSE,FALSE,FALSE,TRUE,FALSE,FALSE,FALSE,FALSE,TRUE,FALSE,FALSE
"178","201810519","Masculino",22,"Ingeniería Mecatrónica",9,16,TRUE,TRUE,0,0,3,4,TRUE,1,18.56,"No","clash of clans",200,7,6,4,FALSE,TRUE,TRUE,TRUE,FALSE,FALSE,FALSE,FALSE,FALSE,FALSE,FALSE,FALSE,FALSE,FALSE,TRUE,FALSE
"179","202210159","Femenino",17,"Ciencia de Datos",4,12,FALSE,TRUE,0,0,0,8,FALSE,0,16.7,"No","plants vs zombies",1800,6,2,1,FALSE,FALSE,FALSE,FALSE,TRUE,FALSE,FALSE,FALSE,FALSE,FALSE,FALSE,FALSE,FALSE,FALSE,TRUE,FALSE
"180","202110660","Masculino",18,"Ciencia de la Computación",4,21,FALSE,TRUE,50,20,4,8,TRUE,4,15.5,"Tal vez","fortnite",30,7,7,6,FALSE,FALSE,FALSE,FALSE,FALSE,FALSE,FALSE,TRUE,FALSE,FALSE,TRUE,FALSE,FALSE,FALSE,TRUE,FALSE
"181","201810441","Masculino",21,"Ingeniería Mecatrónica",9,15,FALSE,TRUE,50,40,4,8,TRUE,4,17,"No","left 4 dead",235,7,7,7,FALSE,FALSE,TRUE,TRUE,FALSE,FALSE,FALSE,TRUE,FALSE,FALSE,TRUE,TRUE,FALSE,FALSE,TRUE,FALSE
"182","202220116","Femenino",19,"Ingeniería Electrónica",1,18,FALSE,TRUE,150,146,3,12,FALSE,6,18,"No","free fire",5,5,5,5,FALSE,TRUE,FALSE,FALSE,FALSE,FALSE,FALSE,FALSE,FALSE,FALSE,FALSE,FALSE,FALSE,FALSE,FALSE,TRUE
"183","202220235","Masculino",19,"Bioingeniería",1,20,TRUE,TRUE,1,50,2,20,FALSE,NA,18,"Tal vez","vice city",2,6,6,4,TRUE,FALSE,FALSE,FALSE,FALSE,FALSE,FALSE,TRUE,FALSE,FALSE,FALSE,TRUE,FALSE,TRUE,FALSE,FALSE
"184","202220269","Masculino",17,"Bioingeniería",1,20,FALSE,TRUE,50,20,2,10,FALSE,NA,18,"Tal vez","fifa",2,7,7,7,FALSE,FALSE,TRUE,FALSE,TRUE,FALSE,FALSE,TRUE,FALSE,FALSE,FALSE,FALSE,FALSE,TRUE,TRUE,FALSE
"185","202010074","Masculino",20,"Ciencia de la Computación",6,15,FALSE,TRUE,0,150,5,6,TRUE,5,16.12,"No","league of legends",212,7,5,6,TRUE,TRUE,TRUE,TRUE,TRUE,FALSE,TRUE,TRUE,TRUE,FALSE,TRUE,FALSE,TRUE,TRUE,TRUE,FALSE
"186","201810282","Masculino",21,"Ingeniería Mecatrónica",10,11,TRUE,TRUE,1000,250,3,10,TRUE,10,17,"Sí","crysis",48,6,6,6,FALSE,TRUE,FALSE,TRUE,FALSE,TRUE,TRUE,TRUE,FALSE,FALSE,TRUE,FALSE,TRUE,FALSE,TRUE,FALSE
"187","202010054","Masculino",19,"Ciencia de la Computación",6,14,FALSE,TRUE,55,55,4,10,TRUE,4,17,"Tal vez","risk of rain 2",150,6,4,3,TRUE,TRUE,FALSE,TRUE,FALSE,TRUE,FALSE,TRUE,TRUE,TRUE,TRUE,FALSE,FALSE,FALSE,TRUE,FALSE
"188","202010400","Masculino",19,"Ciencia de la Computación",6,14,FALSE,TRUE,185,185,2,6,TRUE,0,15.03,"Tal vez","fifa",2,6,7,5,FALSE,FALSE,TRUE,FALSE,FALSE,FALSE,FALSE,FALSE,FALSE,FALSE,TRUE,FALSE,TRUE,FALSE,FALSE,FALSE
"189","201910028","Masculino",20,"Ingeniería Industrial",7,16,FALSE,TRUE,0,0,5,10,TRUE,1,15,"Tal vez","minecraft",100,7,7,7,FALSE,TRUE,FALSE,TRUE,FALSE,FALSE,FALSE,FALSE,FALSE,FALSE,TRUE,FALSE,FALSE,TRUE,FALSE,FALSE
"190","201920081","Femenino",24,"Ingeniería Electrónica",7,21,TRUE,TRUE,50,50,1,4,TRUE,NA,18,"No",NA,88,7,7,5,TRUE,TRUE,TRUE,TRUE,TRUE,TRUE,TRUE,TRUE,TRUE,TRUE,TRUE,TRUE,FALSE,TRUE,TRUE,FALSE
"191","202010257","Masculino",20,"Ingeniería Industrial",6,18,FALSE,TRUE,200,200,4,4,TRUE,1,16,"No","rocket league",570,7,7,5,FALSE,FALSE,TRUE,FALSE,FALSE,FALSE,FALSE,FALSE,FALSE,FALSE,TRUE,FALSE,TRUE,FALSE,FALSE,FALSE
"192","202110443","Masculino",17,"Ciencia de la Computación",4,19,FALSE,TRUE,0,0,1,36,TRUE,1,14.45,"Tal vez","league of legends",NA,6,6,7,FALSE,TRUE,FALSE,TRUE,FALSE,FALSE,TRUE,FALSE,TRUE,FALSE,TRUE,FALSE,FALSE,FALSE,TRUE,TRUE
"193","202220171","Masculino",17,"Ingeniería Civil",10,20,FALSE,TRUE,300,80,3,15,TRUE,2,16,"Sí","age of empires",13,6,5,5,FALSE,FALSE,FALSE,TRUE,FALSE,FALSE,FALSE,FALSE,FALSE,FALSE,FALSE,FALSE,FALSE,FALSE,TRUE,FALSE
"194","202220276","Femenino",17,"Ingeniería Civil",1,20,FALSE,TRUE,0,0,2,20,FALSE,0,18,"No","skate",2,7,4,4,FALSE,TRUE,TRUE,FALSE,FALSE,FALSE,FALSE,FALSE,FALSE,FALSE,FALSE,FALSE,FALSE,TRUE,FALSE,FALSE
"195","202220022","Masculino",23,"Ingeniería Electrónica",1,20,TRUE,TRUE,50,25,2,8,TRUE,14,16,"Tal vez","god of war",7,7,7,4,FALSE,TRUE,FALSE,FALSE,FALSE,FALSE,TRUE,FALSE,FALSE,FALSE,TRUE,FALSE,FALSE,TRUE,FALSE,FALSE
"196","202110040","Masculino",19,"Ingeniería Mecánica",4,18,FALSE,TRUE,20,15,4,7,TRUE,1,14,"Sí","hearts of iron",1300,6,6,4,FALSE,FALSE,FALSE,TRUE,FALSE,FALSE,TRUE,FALSE,FALSE,FALSE,TRUE,FALSE,FALSE,FALSE,TRUE,FALSE
"197","201910398","Masculino",21,"Ingeniería de la Energía",8,17,FALSE,TRUE,200,120,8,12,TRUE,3,14.7,"Sí","age of empires",2,6,7,7,FALSE,FALSE,TRUE,FALSE,FALSE,FALSE,FALSE,FALSE,FALSE,FALSE,TRUE,FALSE,FALSE,TRUE,TRUE,FALSE
"198","202120085","Femenino",20,"Ingeniería Química",3,22,FALSE,TRUE,0,0,3,4,TRUE,3,14,"No","stum  glus",5,5,5,5,FALSE,TRUE,FALSE,FALSE,FALSE,FALSE,FALSE,FALSE,FALSE,FALSE,FALSE,FALSE,FALSE,TRUE,FALSE,FALSE
"199","202010009","Masculino",21,"Ciencia de la Computación",3,22,FALSE,TRUE,0,0,1,5,FALSE,0,17.4,"No","paladins",2000,7,7,7,FALSE,FALSE,FALSE,TRUE,FALSE,FALSE,TRUE,FALSE,FALSE,FALSE,TRUE,FALSE,FALSE,TRUE,TRUE,FALSE
"200","202110559","Masculino",21,"Ingeniería Civil",4,16,FALSE,TRUE,0,0,1,8,FALSE,0,12,"Tal vez","resident evil",1,4,4,3,FALSE,TRUE,TRUE,FALSE,FALSE,FALSE,FALSE,TRUE,FALSE,FALSE,FALSE,FALSE,FALSE,FALSE,TRUE,TRUE
"201","202120475","Masculino",18,"Ingeniería Ambiental",3,21,TRUE,TRUE,50,0,2,16,FALSE,NA,13,"Tal vez","left 4 dead",2,6,6,6,FALSE,FALSE,FALSE,TRUE,FALSE,FALSE,TRUE,FALSE,FALSE,FALSE,TRUE,FALSE,FALSE,TRUE,TRUE,FALSE
"202","202020024","Femenino",19,"Ingeniería Ambiental",5,18,FALSE,TRUE,50,50,6,15,TRUE,2,12.24,"Tal vez","splaton",20,7,7,4,FALSE,FALSE,FALSE,TRUE,TRUE,FALSE,FALSE,FALSE,FALSE,FALSE,TRUE,TRUE,FALSE,TRUE,TRUE,FALSE
